frac,n_labels,version,seed,scope,mean_macro_f1,band_acc,under_rate,score_mae,exact_match
0.05,724,none,0,all,0.5301201434692003,0.47922374429223746,0.12223744292237443,1.5613105022831053,0.11721461187214612
0.05,724,none,0,non_derived,0.4620322293185069,0.36270822138635145,0.12806734730431668,1.7457639262045497,0.04388321690847215
0.05,724,none,1,all,0.5370296832317225,0.494337899543379,0.17077625570776256,1.6999863013698628,0.13776255707762558
0.05,724,none,1,non_derived,0.4687741250804411,0.3760224491014389,0.19696698310346886,1.9576273210340918,0.07086990268075706
0.05,724,none,2,all,0.5469636947401182,0.5252054794520548,0.15187214611872146,1.4841415525114157,0.13557077625570776
0.05,724,none,2,non_derived,0.4830895682370144,0.41656218281688456,0.1735028956952654,1.67348498417816,0.06346647561048421
0.05,724,aux,0,all,0.6224048036896607,0.627716894977169,0.13515981735159818,1.197689497716895,0.23789954337899544
0.05,724,aux,0,non_derived,0.5706267927471781,0.548570063884411,0.15075526897128186,1.3271180368977253,0.17893605588393338
0.05,724,aux,1,all,0.6142812951767799,0.6081735159817352,0.14968036529680365,1.3001643835616439,0.23589041095890412
0.05,724,aux,1,non_derived,0.5594120871984818,0.5211654427129978,0.1727267299540271,1.4634843871275898,0.17487611200668696
0.05,724,aux,2,all,0.6172228538758712,0.5917808219178082,0.10452054794520547,1.2345753424657537,0.20712328767123286
0.05,724,aux,2,non_derived,0.5562961664874805,0.5091647262523136,0.11600692578661413,1.3555734670726611,0.1493820526598603
0.1,1449,none,0,all,0.555704580265404,0.5081278538812786,0.11876712328767124,1.4869086757990868,0.1491324200913242
0.1,1449,none,0,non_derived,0.49292138447077777,0.39399367126395607,0.12896292315959162,1.6898979043524989,0.07230282404919697
0.1,1449,none,1,all,0.5650949275489678,0.5573972602739726,0.21840182648401826,1.5533424657534245,0.15054794520547946
0.1,1449,none,1,non_derived,0.4993649000735827,0.455788405277927,0.25744820586303657,1.778482297450594,0.0764224729834617
0.1,1449,none,2,all,0.5743205910781174,0.5515525114155251,0.18547945205479452,1.5512009132420093,0.16059360730593608
0.1,1449,none,2,non_derived,0.5071365047208682,0.44689235178219594,0.2179234581169025,1.7865484506537705,0.08287061914144128
0.1,1449,aux,0,all,0.6318683493184035,0.6368493150684932,0.13712328767123289,1.1253561643835617,0.25168949771689497
0.1,1449,aux,0,non_derived,0.5804940803818943,0.5563914263538121,0.1569048898441698,1.251429936115589,0.18723505880948116
0.1,1449,aux,1,all,0.6306603640448515,0.6385388127853882,0.1480365296803653,1.1730182648401828,0.25858447488584474
0.1,1449,aux,1,non_derived,0.5769237172634576,0.5567496566959221,0.17081616812944056,1.3151173204370412,0.19804167412979878
0.1,1449,aux,2,all,0.6307880263880311,0.6180365296803653,0.12287671232876712,1.1368584474885846,0.23712328767123286
0.1,1449,aux,2,non_derived,0.5752012907022078,0.5418233924413398,0.14012776882201922,1.2388679921189327,0.17768224968654844
0.25,3622,none,0,all,0.5852961937673252,0.5474429223744293,0.15566210045662102,1.4415251141552512,0.17210045662100457
0.25,3622,none,0,non_derived,0.5235792411806834,0.44020538539614307,0.17935399128306168,1.6573347662547018,0.09463251537405218
0.25,3622,none,1,all,0.5868290735858086,0.5499086757990868,0.1926027397260274,1.531986301369863,0.16730593607305935
0.25,3622,none,1,non_derived,0.5238689904425693,0.44659382649710433,0.22735685712579856,1.757609409516986,0.09576691145740045
0.25,3622,none,2,all,0.5873913161880412,0.5660730593607306,0.13579908675799088,1.3833287671232877,0.16182648401826483
0.25,3622,none,2,non_derived,0.5144220735908005,0.4628933070631083,0.15260612573885007,1.5800704519672815,0.08394531016777121
0.25,3622,aux,0,all,0.6337131355823982,0.6326940639269406,0.1297716894977169,1.1307945205479453,0.24621004566210045
0.25,3622,aux,0,non_derived,0.5781742701267083,0.5519732521344558,0.14747149083527375,1.2582064600871692,0.17911517105498836
0.25,3622,aux,1,all,0.638070106072288,0.6256164383561644,0.13547945205479453,1.2122785388127855,0.24863013698630138
0.25,3622,aux,1,non_derived,0.5783882660041312,0.53931578004657,0.15541226341871156,1.3664159054271898,0.18108543793659324
0.25,3622,aux,2,all,0.6378146730244598,0.6308219178082192,0.13538812785388127,1.1414703196347031,0.25223744292237443
0.25,3622,aux,2,non_derived,0.5833174773381459,0.5458236312615679,0.15583019881783988,1.2759269210102095,0.1872947638664995
0.5,7244,none,0,all,0.5978734198813812,0.5728767123287671,0.13789954337899543,1.3403105022831052,0.18844748858447488
0.5,7244,none,0,non_derived,0.5328103743112735,0.4762075347781957,0.15577049376082155,1.5167114454594306,0.11146934145322109
0.5,7244,none,1,all,0.5964367025445317,0.5651598173515981,0.1969406392694064,1.4789041095890412,0.18388127853881278
0.5,7244,none,1,non_derived,0.5296975883457211,0.4638485879754015,0.23416323362588812,1.7040420323601408,0.10615559137858976
0.5,7244,none,2,all,0.5940567034598985,0.5441552511415525,0.15091324200913242,1.5978036529680362,0.17835616438356164
0.5,7244,none,2,non_derived,0.5161936074236689,0.4362648516329333,0.1735028956952654,1.862469401158278,0.0964833721416204
0.5,7244,aux,0,all,0.6421428909562716,0.6266210045662101,0.12762557077625572,1.1660593607305938,0.24452054794520547
0.5,7244,aux,0,non_derived,0.5863657219228394,0.5428980834676697,0.14562063406770553,1.3022449101438893,0.18401098573049138
0.5,7244,aux,1,all,0.6416308757133425,0.6233333333333333,0.1619178082191781,1.2005616438356166,0.2415068493150685
0.5,7244,aux,1,non_derived,0.5853605647209593,0.5381216789062033,0.1895038509761777,1.3555316735327483,0.17081616812944056
0.5,7244,aux,2,all,0.6413739035546425,0.6200913242009133,0.14474885844748858,1.2014429223744292,0.23721461187214612
0.5,7244,aux,2,non_derived,0.5860341020886246,0.5311958922920771,0.16801003044957907,1.358373634246821,0.16598005851095587
1.0,14488,none,0,all,0.6073661610095341,0.5682191780821918,0.1495433789954338,1.434178082191781,0.1963013698630137
1.0,14488,none,0,non_derived,0.5360898311336951,0.4685055824228312,0.169263836646964,1.6342169681772045,0.12030568989193385
1.0,14488,none,1,all,0.6023196266653776,0.5650228310502283,0.16365296803652968,1.418392694063927,0.18036529680365296
1.0,14488,none,1,non_derived,0.5335207568126541,0.4611021553525584,0.19105618245865424,1.6365394948952177,0.10293151829959997
1.0,14488,none,2,all,0.6079826355690826,0.5718264840182649,0.17529680365296804,1.4681689497716894,0.18114155251141553
1.0,14488,none,2,non_derived,0.5386519315775551,0.4705355543614544,0.20526598602901666,1.7008896053495732,0.10293151829959997
1.0,14488,none,3,all,0.6058756602139647,0.5627853881278538,0.1589041095890411,1.5206484018264843,0.2024200913242009
1.0,14488,none,3,non_derived,0.53108137702274,0.4611021553525584,0.18198101379186818,1.7552212072362532,0.1309331900411965
1.0,14488,none,4,all,0.6034317855929086,0.5775799086757991,0.14771689497716894,1.3780273972602741,0.1797716894977169
1.0,14488,none,4,non_derived,0.5296454438340786,0.48032718371246047,0.17099528330049554,1.5728282285509585,0.1034091587557466
1.0,14488,aux,0,all,0.645019882944555,0.6233333333333333,0.14917808219178083,1.1948675799086759,0.24127853881278538
1.0,14488,aux,0,non_derived,0.5903937697865183,0.5368081676518001,0.17242820466893546,1.3499910442414473,0.1676518001074691
1.0,14488,aux,1,all,0.6439466982518977,0.6205479452054794,0.1324200913242009,1.1708310502283106,0.23264840182648402
1.0,14488,aux,1,non_derived,0.5900509557314145,0.5343602603140486,0.15135231954146516,1.3132724341751747,0.16424861185742431
1.0,14488,aux,2,all,0.6425534887205419,0.6270776255707763,0.13022831050228312,1.1399223744292237,0.23712328767123286
1.0,14488,aux,2,non_derived,0.581627156417954,0.5407487014150099,0.148605886918622,1.2815093438414233,0.16126335900650784
1.0,14488,aux,3,all,0.6449685756258066,0.6210045662100456,0.15301369863013697,1.1719908675799087,0.24136986301369864
1.0,14488,aux,3,non_derived,0.5929601889239025,0.5351961311123052,0.17845841542778673,1.3148605886918623,0.17021911755925728
1.0,14488,aux,4,all,0.6475914580818901,0.624703196347032,0.15141552511415526,1.194461187214612,0.23442922374429223
1.0,14488,aux,4,non_derived,0.5927612363683447,0.5397934205027166,0.17624932831810855,1.3473341692041316,0.16365156128724104
