cve_id,section,v3_version,v3_base,v4_base
CVE-2022-41741,new_metric,3.1,AV:L/AC:H/PR:L/UI:N/S:U/C:H/I:H/A:H,AV:L/AC:L/AT:P/PR:L/UI:N/VC:H/VI:H/VA:H/SC:N/SI:N/SA:N
CVE-2020-3549,new_metric,3.1,AV:N/AC:H/PR:N/UI:N/S:U/C:H/I:H/A:H,AV:N/AC:L/AT:P/PR:N/UI:P/VC:H/VI:H/VA:H/SC:N/SI:N/SA:N
CVE-2023-3089,new_metric,3.1,AV:N/AC:L/PR:N/UI:N/S:U/C:H/I:N/A:N,AV:N/AC:L/AT:P/PR:N/UI:N/VC:H/VI:L/VA:L/SC:N/SI:N/SA:N
CVE-2021-44714,new_metric,3.1,AV:L/AC:L/PR:N/UI:R/S:U/C:L/I:N/A:N,AV:L/AC:L/AT:N/PR:N/UI:A/VC:L/VI:N/VA:N/SC:N/SI:N/SA:N
CVE-2022-21830,new_metric,3.1,AV:N/AC:L/PR:N/UI:R/S:C/C:L/I:L/A:N,AV:N/AC:L/AT:N/PR:N/UI:A/VC:N/VI:N/VA:N/SC:L/SI:L/SA:N
CVE-2022-22186,new_metric,3.1,AV:N/AC:L/PR:N/UI:N/S:C/C:L/I:L/A:N,AV:N/AC:L/AT:N/PR:N/UI:N/VC:N/VI:N/VA:N/SC:L/SI:L/SA:N
CVE-2023-21989,new_metric,3.1,AV:L/AC:L/PR:H/UI:N/S:C/C:H/I:N/A:N,AV:L/AC:L/AT:N/PR:H/UI:N/VC:N/VI:N/VA:N/SC:H/SI:N/SA:N
CVE-2020-3947,new_metric,3.1,AV:L/AC:L/PR:N/UI:N/S:C/C:H/I:H/A:H,AV:L/AC:L/AT:N/PR:N/UI:N/VC:H/VI:H/VA:H/SC:H/SI:H/SA:H
CVE-2023-48228,new_metric,3.1,AV:N/AC:L/PR:N/UI:N/S:U/C:N/I:H/A:N,AV:N/AC:L/AT:N/PR:N/UI:N/VC:N/VI:H/VA:N/SC:H/SI:H/SA:H
CVE-2023-30560,new_metric,3.1,AV:P/AC:L/PR:N/UI:N/S:U/C:H/I:H/A:H,AV:P/AC:L/AT:N/PR:N/UI:N/VC:H/VI:H/VA:H/SC:N/SI:H/SA:N
CVE-2014-0160,classic,3.1,AV:N/AC:L/PR:N/UI:N/S:U/C:H/I:N/A:N,AV:N/AC:L/AT:N/PR:N/UI:N/VC:H/VI:N/VA:N/SC:N/SI:N/SA:N
CVE-2021-44228,classic,3.1,AV:N/AC:L/PR:N/UI:N/S:C/C:H/I:H/A:H,AV:N/AC:L/AT:N/PR:N/UI:N/VC:H/VI:H/VA:H/SC:N/SI:N/SA:N
CVE-2014-6271,classic,3.1,AV:N/AC:L/PR:N/UI:N/S:U/C:H/I:H/A:H,AV:N/AC:L/AT:N/PR:N/UI:N/VC:H/VI:H/VA:H/SC:N/SI:N/SA:N
CVE-2013-6014,classic,3.1,AV:A/AC:L/PR:N/UI:N/S:C/C:H/I:N/A:H,AV:A/AC:L/AT:N/PR:N/UI:N/VC:N/VI:L/VA:N/SC:H/SI:N/SA:H
CVE-2016-5729,classic,3.1,AV:L/AC:L/PR:H/UI:N/S:C/C:H/I:H/A:H,AV:L/AC:L/AT:N/PR:H/UI:N/VC:H/VI:H/VA:H/SC:N/SI:N/SA:N
CVE-2015-2890,classic,3.1,AV:L/AC:L/PR:H/UI:N/S:U/C:N/I:H/A:H,AV:L/AC:L/AT:P/PR:H/UI:N/VC:H/VI:H/VA:H/SC:N/SI:N/SA:N
CVE-2018-3652,classic,3.1,AV:P/AC:L/PR:N/UI:N/S:C/C:H/I:H/A:H,AV:P/AC:L/AT:N/PR:N/UI:N/VC:H/VI:H/VA:H/SC:N/SI:N/SA:N
CVE-2024-6387,class,3.1,AV:N/AC:H/PR:N/UI:N/S:U/C:H/I:H/A:H,AV:N/AC:H/AT:P/PR:N/UI:N/VC:H/VI:H/VA:H/SC:N/SI:N/SA:N
CVE-2023-30545,class,3.1,AV:N/AC:L/PR:L/UI:N/S:U/C:H/I:N/A:N,AV:N/AC:L/AT:N/PR:L/UI:N/VC:H/VI:N/VA:N/SC:N/SI:N/SA:N
CVE-2021-23846,class,3.1,AV:N/AC:H/PR:N/UI:N/S:U/C:H/I:N/A:N,AV:N/AC:L/AT:P/PR:N/UI:N/VC:H/VI:N/VA:N/SC:N/SI:N/SA:N
CVE-2023-22394,class,3.1,AV:N/AC:L/PR:N/UI:N/S:U/C:N/I:N/A:H,AV:N/AC:L/AT:N/PR:N/UI:N/VC:N/VI:N/VA:H/SC:N/SI:N/SA:L
CVE-2022-24682,class,3.1,AV:N/AC:L/PR:N/UI:R/S:C/C:L/I:L/A:N,AV:N/AC:L/AT:N/PR:N/UI:A/VC:N/VI:N/VA:N/SC:L/SI:L/SA:N
CVE-2020-0926,class,3.1,AV:N/AC:L/PR:L/UI:R/S:C/C:L/I:L/A:N,AV:N/AC:L/AT:N/PR:L/UI:P/VC:N/VI:N/VA:N/SC:L/SI:L/SA:N
CVE-2024-55228,class,3.1,AV:N/AC:L/PR:L/UI:R/S:C/C:H/I:H/A:H,AV:N/AC:L/AT:N/PR:L/UI:A/VC:H/VI:H/VA:H/SC:L/SI:L/SA:N
CVE-2023-5602,class,3.1,AV:N/AC:L/PR:N/UI:R/S:U/C:N/I:L/A:N,AV:N/AC:L/AT:N/PR:N/UI:A/VC:N/VI:L/VA:N/SC:N/SI:N/SA:N
CVE-2022-20759,class,3.1,AV:N/AC:L/PR:L/UI:N/S:U/C:H/I:H/A:H,AV:N/AC:L/AT:P/PR:L/UI:N/VC:H/VI:H/VA:H/SC:N/SI:N/SA:N
CVE-2021-34724,class,3.1,AV:L/AC:L/PR:H/UI:N/S:U/C:H/I:H/A:N,AV:L/AC:L/AT:N/PR:H/UI:N/VC:H/VI:H/VA:N/SC:N/SI:N/SA:N
CVE-2023-28311,class,3.1,AV:L/AC:L/PR:N/UI:R/S:U/C:H/I:H/A:H,AV:L/AC:L/AT:N/PR:N/UI:P/VC:H/VI:H/VA:H/SC:N/SI:N/SA:N
CVE-2022-22965,class,3.1,AV:N/AC:L/PR:N/UI:N/S:U/C:H/I:H/A:H,AV:N/AC:L/AT:P/PR:N/UI:N/VC:H/VI:H/VA:H/SC:N/SI:N/SA:N
CVE-2022-20826,class,3.1,AV:P/AC:H/PR:N/UI:N/S:U/C:H/I:H/A:H,AV:P/AC:L/AT:P/PR:N/UI:N/VC:H/VI:H/VA:H/SC:N/SI:N/SA:N
CVE-2022-21500,class,3.1,AV:N/AC:L/PR:N/UI:N/S:U/C:H/I:N/A:N,AV:N/AC:L/AT:N/PR:N/UI:N/VC:H/VI:N/VA:N/SC:N/SI:N/SA:N
CVE-2021-32570,class,3.1,AV:N/AC:L/PR:H/UI:N/S:U/C:H/I:N/A:N,AV:N/AC:L/AT:N/PR:H/UI:N/VC:H/VI:N/VA:N/SC:N/SI:N/SA:N
CVE-2022-26134,class,3.1,AV:N/AC:L/PR:N/UI:N/S:U/C:H/I:H/A:H,AV:N/AC:L/AT:N/PR:N/UI:N/VC:H/VI:H/VA:H/SC:N/SI:N/SA:N
CVE-2023-20245,class,3.1,AV:N/AC:L/PR:N/UI:N/S:C/C:N/I:L/A:N,AV:N/AC:L/AT:N/PR:N/UI:N/VC:N/VI:N/VA:N/SC:N/SI:L/SA:N
CVE-2024-1233,class,3.1,AV:N/AC:L/PR:N/UI:N/S:U/C:L/I:L/A:L,AV:N/AC:L/AT:N/PR:N/UI:N/VC:N/VI:L/VA:N/SC:L/SI:L/SA:L
CVE-2023-28728,class,3.0,AV:L/AC:L/PR:N/UI:R/S:U/C:H/I:H/A:H,AV:L/AC:L/AT:N/PR:N/UI:P/VC:H/VI:H/VA:H/SC:N/SI:N/SA:N
CVE-2022-47379,class,3.1,AV:N/AC:L/PR:L/UI:N/S:U/C:H/I:H/A:H,AV:N/AC:L/AT:N/PR:L/UI:N/VC:H/VI:H/VA:H/SC:H/SI:H/SA:H
CVE-2020-10627,class,3.1,AV:A/AC:L/PR:N/UI:N/S:U/C:H/I:H/A:N,AV:A/AC:L/AT:N/PR:N/UI:N/VC:H/VI:H/VA:N/SC:N/SI:N/SA:N
CVE-2020-28196,class,3.1,AV:N/AC:L/PR:N/UI:N/S:U/C:N/I:N/A:H,AV:N/AC:L/AT:N/PR:N/UI:N/VC:N/VI:N/VA:H/SC:N/SI:N/SA:N
CVE-2023-20048,class,3.1,AV:N/AC:L/PR:L/UI:N/S:C/C:H/I:L/A:H,AV:N/AC:L/AT:N/PR:L/UI:N/VC:N/VI:N/VA:N/SC:H/SI:L/SA:H
CVE-2024-23897,class,3.1,AV:N/AC:L/PR:N/UI:N/S:U/C:H/I:H/A:H,AV:N/AC:L/AT:N/PR:N/UI:N/VC:H/VI:H/VA:H/SC:H/SI:H/SA:H
CVE-2026-31431,class,3.1,AV:L/AC:L/PR:L/UI:N/S:U/C:H/I:H/A:H,AV:L/AC:L/AT:N/PR:L/UI:N/VC:H/VI:H/VA:H/SC:N/SI:N/SA:N
CVE-2026-42903,class,3.1,AV:N/AC:L/PR:L/UI:N/S:U/C:N/I:N/A:H,AV:N/AC:L/AT:N/PR:L/UI:N/VC:N/VI:N/VA:H/SC:N/SI:N/SA:N
